,epoch,train_err,train_acc,valid_err,valid_acc
0,0,,0.10128205423243344,,0.10256410447450784
