,epoch,train_err,train_acc,valid_err,valid_acc
0,0,,0.1141025674995035,,0.10256410466554837
