,epoch,train_err,train_acc,valid_err,valid_acc
0,0,,0.10512820812873543,,0.10256410447450784
