,epoch,train_err,train_acc,valid_err,valid_acc
0,0,,0.10064102937467397,,0.1025641048565889
