,epoch,train_err,train_acc,valid_err,valid_acc
0,0,,0.10641025984659791,,0.10256410428346732
