,epoch,train_err,train_acc,valid_err,valid_acc
0,0,,0.10192308072000741,,0.1025641048565889
