,epoch,train_err,train_acc,valid_err,valid_acc
0,0,,0.10641026026569307,,0.1025641048565889
