,epoch,train_err,train_acc,valid_err,valid_acc
0,0,,0.24102565050125122,,0.23076923630940607
