,epoch,train_err,train_acc,valid_err,valid_acc
0,0,,0.22756411153823136,,0.23076923554524398
