,epoch,train_err,train_acc,valid_err,valid_acc
0,0,,0.23910257481038572,,0.23076923535420343
