,epoch,train_err,train_acc,valid_err,valid_acc
0,0,,0.2333333432674408,,0.23076923535420343
