,epoch,train_err,train_acc,valid_err,valid_acc
0,0,,0.2288461633492261,,0.23076923554524398
