,epoch,train_err,train_acc,valid_err,valid_acc
0,0,,0.23205129168927668,,0.23076923554524398
