,epoch,train_err,train_acc,valid_err,valid_acc
0,0,1.025374386331866e+30,0.22115385457873343,1.1663240610830972e+31,0.23076923516316292
1,1,2.2807593243296143e+34,0.21923077814280986,2.5941438145514087e+35,0.23076923516316292
2,2,inf,0.21794872656464576,inf,0.23076923516316292
