,epoch,train_err,train_acc,valid_err,valid_acc
0,0,2.3569568813009877e+28,0.22948718816041946,4.2039144894454066e+29,0.07692307845140114
1,1,5.9968558487598445e+34,0.22756411070004107,1.0696076089182899e+36,0.23076923535420343
2,2,inf,0.2307692389935255,inf,0.23076923535420343
