,epoch,train_err,train_acc,valid_err,valid_acc
0,0,,0.22243590680882336,159623.37459935897,0.23076923764668977
