,epoch,train_err,train_acc,valid_err,valid_acc
0,0,,0.2339743671938777,,0.23076923650044662
