,epoch,train_err,train_acc,valid_err,valid_acc
0,0,,0.22628205912187696,,0.23076923516316292
