,epoch,train_err,train_acc,valid_err,valid_acc
0,0,,0.2301282139495015,,0.23076923630940607
