,epoch,train_err,train_acc,valid_err,valid_acc
0,0,,0.23012821450829507,,0.23076923554524398
