,epoch,train_err,train_acc,valid_err,valid_acc
0,0,,0.23333334270864725,,0.23076923554524398
