,epoch,train_err,train_acc,valid_err,valid_acc
0,0,,0.1044871831778437,,0.10256410466554837
