,epoch,train_err,train_acc,valid_err,valid_acc
0,0,,0.11153846550732852,,0.10256410409242679
