,epoch,train_err,train_acc,valid_err,valid_acc
0,0,,0.10320513108745218,,0.10256410409242679
