,epoch,train_err,train_acc,valid_err,valid_acc
0,0,,0.1211538502946496,,0.10256410409242679
