,epoch,train_err,train_acc,valid_err,valid_acc
0,0,,0.10833333730697632,,0.10256410409242679
