,epoch,train_err,train_acc,valid_err,valid_acc
0,0,,0.10384615766815841,,0.10256410466554837
