,epoch,train_err,train_acc,valid_err,valid_acc
0,0,,0.10448718252591789,,0.10256410409242679
