,epoch,train_err,train_acc,valid_err,valid_acc
0,0,,0.10128205413930118,,0.10256410409242679
