,epoch,train_err,train_acc,valid_err,valid_acc
0,0,,0.10833333665505052,,0.10256410466554837
