,epoch,train_err,train_acc,valid_err,valid_acc
0,0,,0.10256410627625882,,0.1025641048565889
