,epoch,train_err,train_acc,valid_err,valid_acc
0,0,,0.1051282082684338,,0.10256410466554837
