,epoch,train_err,train_acc,valid_err,valid_acc
0,0,,0.1032051312737167,,0.10256410447450784
