,epoch,train_err,train_acc,valid_err,valid_acc
0,0,,0.1038461574818939,,0.1025641048565889
