,epoch,train_err,train_acc,valid_err,valid_acc
0,0,,0.10705128526315093,,0.10256410466554837
