,epoch,train_err,train_acc,valid_err,valid_acc
0,0,,0.11346154189668596,,0.10256410466554837
