,epoch,train_err,train_acc,valid_err,valid_acc
0,0,,0.10384615701623261,,0.10256410428346732
