,epoch,train_err,train_acc,valid_err,valid_acc
0,0,,0.11410256773233414,,0.10256410447450784
