,epoch,train_err,train_acc,valid_err,valid_acc
0,0,,0.23141026590019464,,0.23076923554524398
