,epoch,train_err,train_acc,valid_err,valid_acc
0,0,,0.2326923158019781,,0.23076923516316292
