,epoch,train_err,train_acc,valid_err,valid_acc
0,0,,0.22820513583719731,,0.23076923516316292
