,epoch,train_err,train_acc,valid_err,valid_acc
0,0,,0.2326923169195652,,0.23076923554524398
