,epoch,train_err,train_acc,valid_err,valid_acc
0,0,,0.23717949762940407,,0.23076923535420343
