,epoch,train_err,train_acc,valid_err,valid_acc
0,0,,0.22948718946427107,,0.23076923535420343
