,epoch,train_err,train_acc,valid_err,valid_acc
0,0,,0.2326923178508878,,0.23076923535420343
