,epoch,train_err,train_acc,valid_err,valid_acc
0,0,,0.23333334177732468,,0.23076923516316292
