,epoch,train_err,train_acc,valid_err,valid_acc
0,0,,0.2250000092200935,,0.23076923554524398
