,epoch,train_err,train_acc,valid_err,valid_acc
0,0,,0.22948718760162592,,0.23076923516316292
