,epoch,train_err,train_acc,valid_err,valid_acc
0,0,,0.09615384903736413,,0.10256410466554837
