,epoch,train_err,train_acc,valid_err,valid_acc
0,0,,0.10064102876931429,,0.10256410466554837
