,epoch,train_err,train_acc,valid_err,valid_acc
0,0,,0.10897436290979386,,0.10256410409242679
