,epoch,train_err,train_acc,valid_err,valid_acc
0,0,,0.09871795130893588,,0.10256410409242679
