,epoch,train_err,train_acc,valid_err,valid_acc
0,0,,0.10384615724906325,,0.10256410428346732
