,epoch,train_err,train_acc,valid_err,valid_acc
0,0,,0.10064102867618203,,0.10256410428346732
