,epoch,train_err,train_acc,valid_err,valid_acc
0,0,,0.09551282343454659,,0.10256410466554837
