,epoch,train_err,train_acc,valid_err,valid_acc
0,0,,0.1083333371207118,,0.10256410466554837
