,epoch,train_err,train_acc,valid_err,valid_acc
0,0,2.211196741461754,0.13141026124358177,2.1933490129617543,0.12820513049761453
1,1,2.019647666811943,0.21666667498648168,2.093724788763584,0.2256410314868658
2,2,1.802236518263817,0.31217949986457827,1.4083328797267034,0.41538462615930116
3,3,1.3461124002933502,0.4455128401517868,0.8427453980996058,0.6230769421045597
4,4,,0.296794881625101,,0.10256410428346732
