,epoch,train_err,train_acc,valid_err,valid_acc
0,0,,0.1012820543255657,,0.10256410428346732
