,epoch,train_err,train_acc,valid_err,valid_acc
0,0,,0.11153846546076238,,0.10256410466554837
