,epoch,train_err,train_acc,valid_err,valid_acc
0,0,,0.11282051671296359,,0.10256410409242679
