,epoch,train_err,train_acc,valid_err,valid_acc
0,0,,0.0993589773774147,,0.10256410466554837
