,epoch,train_err,train_acc,valid_err,valid_acc
0,0,,0.1012820541858673,,0.10256410428346732
