,epoch,train_err,train_acc,valid_err,valid_acc
0,0,,0.10448718285188079,,0.10256410428346732
