,epoch,train_err,train_acc,valid_err,valid_acc
0,0,,0.10961538851261139,,0.10256410409242679
