,epoch,train_err,train_acc,valid_err,valid_acc
0,0,,0.1038461565040052,,0.10256410409242679
