,epoch,train_err,train_acc,valid_err,valid_acc
0,0,,0.22500000828877093,,0.23076923516316292
