,epoch,train_err,train_acc,valid_err,valid_acc
0,0,,0.2346153926104307,,0.23076923516316292
