,epoch,train_err,train_acc,valid_err,valid_acc
0,0,,0.2294871874153614,,0.23076923516316292
