,epoch,train_err,train_acc,valid_err,valid_acc
0,0,,0.22564103482291104,,0.23076923554524398
