,epoch,train_err,train_acc,valid_err,valid_acc
0,0,,0.22820513658225536,,0.23076923650044662
