,epoch,train_err,train_acc,valid_err,valid_acc
0,0,,0.23397436887025833,,0.23076923535420343
