,epoch,train_err,train_acc,valid_err,valid_acc
0,0,,0.23846154753118753,,0.23076923630940607
