,epoch,train_err,train_acc,valid_err,valid_acc
0,0,,0.23782052285969257,,0.23076923535420343
