,epoch,train_err,train_acc,valid_err,valid_acc
0,0,,0.23397436793893575,,0.23076923630940607
