,epoch,train_err,train_acc,valid_err,valid_acc
0,0,,0.24166667759418486,,0.23076923535420343
