,epoch,train_err,train_acc,valid_err,valid_acc
0,0,,0.23141026645898818,,0.23076923535420343
