,epoch,train_err,train_acc,valid_err,valid_acc
0,0,,0.24230770226567983,,0.23076923630940607
