,epoch,train_err,train_acc,valid_err,valid_acc
0,0,,0.2250000079162419,,0.23076923516316292
