,epoch,train_err,train_acc,valid_err,valid_acc
0,0,,0.2282051369547844,,0.23076923630940607
