,epoch,train_err,train_acc,valid_err,valid_acc
0,0,,0.2326923177577555,,0.23076923535420343
