,epoch,train_err,train_acc,valid_err,valid_acc
0,0,,0.23141026683151722,,0.23076923535420343
