,epoch,train_err,train_acc,valid_err,valid_acc
0,0,,0.2346153935417533,,0.23076923630940607
