,epoch,train_err,train_acc,valid_err,valid_acc
0,0,,0.23974359966814518,,0.23076923554524398
