,epoch,train_err,train_acc,valid_err,valid_acc
0,0,,0.23653846979141235,,0.23076923516316292
