,epoch,train_err,train_acc,valid_err,valid_acc
0,0,,0.2269230868667364,,0.23076923535420343
