,epoch,train_err,train_acc,valid_err,valid_acc
0,0,,0.24679488129913807,,0.23076923630940607
