,epoch,train_err,train_acc,valid_err,valid_acc
0,0,,0.23333334233611822,,0.23076923630940607
