,epoch,train_err,train_acc,valid_err,valid_acc
0,0,,0.23012821301817893,,0.23076923516316292
