,epoch,train_err,train_acc,valid_err,valid_acc
0,0,,0.22820513751357793,,0.23076923554524398
