,epoch,train_err,train_acc,valid_err,valid_acc
0,0,,0.22884616181254386,,0.23076923516316292
