,epoch,train_err,train_acc,valid_err,valid_acc
0,0,,0.2346153948456049,,0.23076923535420343
