,epoch,train_err,train_acc,valid_err,valid_acc
0,0,,0.230769238807261,,0.23076923650044662
