,epoch,train_err,train_acc,valid_err,valid_acc
0,0,,0.22948718816041946,,0.23076923650044662
