,epoch,train_err,train_acc,valid_err,valid_acc
0,0,,0.2275641119107604,,0.23076923554524398
