,epoch,train_err,train_acc,valid_err,valid_acc
0,0,,0.2333333410322666,,0.23076923516316292
