,epoch,train_err,train_acc,valid_err,valid_acc
0,0,,0.22948718834668397,,0.23076923650044662
