,epoch,train_err,train_acc,valid_err,valid_acc
0,0,,0.22692308616824447,,0.23076923554524398
