,epoch,train_err,train_acc,valid_err,valid_acc
0,0,,0.2307692391332239,,0.2307692349721224
