,epoch,train_err,train_acc,valid_err,valid_acc
0,0,,0.23910257332026957,,0.23076923592732504
