,epoch,train_err,train_acc,valid_err,valid_acc
0,0,,0.24294872665777803,,0.2307692349721224
