,epoch,train_err,train_acc,valid_err,valid_acc
0,0,,0.23141026524826885,,0.23076923630940607
