,epoch,train_err,train_acc,valid_err,valid_acc
0,0,,0.23717949520796539,,0.23076923592732504
