,epoch,train_err,train_acc,valid_err,valid_acc
0,0,inf,0.2179487267509103,7.48348062299673e+20,0.23076923592732504
