,epoch,train_err,train_acc,valid_err,valid_acc
0,0,,0.2262820596806705,,0.23076923630940607
