,epoch,train_err,train_acc,valid_err,valid_acc
0,0,,0.24038462406024336,,0.2307692349721224
