,epoch,train_err,train_acc,valid_err,valid_acc
0,0,,0.23012821404263378,,0.23076923630940607
