,epoch,train_err,train_acc,valid_err,valid_acc
0,0,,0.23333334187045693,,0.2307692349721224
