,epoch,train_err,train_acc,valid_err,valid_acc
0,0,,0.21794872619211675,,0.23076923630940607
