,epoch,train_err,train_acc,valid_err,valid_acc
0,0,,0.2378205206245184,,0.23076923592732504
