,epoch,train_err,train_acc,valid_err,valid_acc
0,0,,0.21153847025707365,inf,0.23076923592732504
