,epoch,train_err,train_acc,valid_err,valid_acc
0,0,,0.1012820549774915,,0.1025641048565889
