,epoch,train_err,train_acc,valid_err,valid_acc
0,0,,0.11217949064448476,,0.10256410466554837
