,epoch,train_err,train_acc,valid_err,valid_acc
0,0,,0.10256410571746528,,0.10256410466554837
