,epoch,train_err,train_acc,valid_err,valid_acc
0,0,,0.10448718275874853,,0.10256410466554837
