,epoch,train_err,train_acc,valid_err,valid_acc
0,0,2.480466341972351,0.13397436304949223,2.204436522263747,0.06666666785111794
1,1,inf,0.13653846592642366,inf,0.10256410447450784
