,epoch,train_err,train_acc,valid_err,valid_acc
0,0,,0.11217949069105089,,0.10256410409242679
