,epoch,train_err,train_acc,valid_err,valid_acc
0,0,,0.10833333670161664,,0.10256410466554837
