,epoch,train_err,train_acc,valid_err,valid_acc
0,0,,0.11346154250204563,,0.10256410447450784
