,epoch,train_err,train_acc,valid_err,valid_acc
0,0,,0.11346154185011983,,0.10256410466554837
