,epoch,train_err,train_acc,valid_err,valid_acc
0,0,2.191319912672043,0.14358974853530526,2.0171965268942027,0.17179487607417962
1,1,,0.13012820933945476,,0.10256410409242679
