,epoch,train_err,train_acc,valid_err,valid_acc
0,0,,0.10705128624103963,,0.1025641048565889
