,epoch,train_err,train_acc,valid_err,valid_acc
0,0,,0.10000000288709998,,0.10256410447450784
