,epoch,train_err,train_acc,valid_err,valid_acc
0,0,inf,0.12115385043434798,2.6550839102180737e+25,0.12820513107073614
