,epoch,train_err,train_acc,valid_err,valid_acc
0,0,,0.2301282124593854,,0.23076923592732504
