,epoch,train_err,train_acc,valid_err,valid_acc
0,0,,0.23846154706552625,,0.2307692349721224
