,epoch,train_err,train_acc,valid_err,valid_acc
0,0,,0.24038462387397885,,0.2307692349721224
