,epoch,train_err,train_acc,valid_err,valid_acc
0,0,,0.23910257183015346,,0.23076923592732504
