,epoch,train_err,train_acc,valid_err,valid_acc
0,0,2.319714587926865,0.4064102729782462,9.36519254782261,0.23076923611836556
1,1,inf,0.23397436700761318,inf,0.23076923592732504
