,epoch,train_err,train_acc,valid_err,valid_acc
0,0,,0.23589744428172707,,0.2307692349721224
