,epoch,train_err,train_acc,valid_err,valid_acc
0,0,,0.2294871880672872,,0.23076923630940607
