,epoch,train_err,train_acc,valid_err,valid_acc
0,0,,0.2339743678458035,,0.2307692349721224
