,epoch,train_err,train_acc,valid_err,valid_acc
0,0,,0.23653847025707364,,0.2307692349721224
