,epoch,train_err,train_acc,valid_err,valid_acc
0,0,,0.23205129094421864,,0.23076923592732504
