,epoch,train_err,train_acc,valid_err,valid_acc
0,0,,0.21858975179493428,,0.23076923630940607
