,epoch,train_err,train_acc,valid_err,valid_acc
0,0,,0.2314102653414011,,0.23076923592732504
