,epoch,train_err,train_acc,valid_err,valid_acc
0,0,,0.22948718704283239,,0.23076923592732504
