,epoch,train_err,train_acc,valid_err,valid_acc
0,0,,0.2314102646894753,,0.2307692349721224
