,epoch,train_err,train_acc,valid_err,valid_acc
0,0,1.5573470085859298,0.25256411246955396,1.3206372184631152,0.37435898242088467
1,1,1.5011792749166488,0.3224359114654362,1.447124679883321,0.24615385154118904
2,2,1.1671564012765885,0.49487181678414344,0.9740045361029797,0.5615384720074825
3,3,0.7055550009012223,0.7012820690870285,0.4417798387316557,0.8051282106301724
4,4,0.6019727133214474,0.7621795006096364,0.5062263562129095,0.8000000042793078
5,5,0.37173251509666444,0.8596153929829597,0.143421649097059,0.9538461474271921
6,6,0.08267075687181205,0.9685897454619408,0.050250851041756764,0.979487174596542
7,7,0.05962391796056181,0.9858974367380142,0.05451258871919261,0.9820512777719742
8,8,,0.826923080906272,,0.23076923630940607
