,epoch,train_err,train_acc,valid_err,valid_acc
0,0,,0.2243589828722179,,0.23076923630940607
