,epoch,train_err,train_acc,valid_err,valid_acc
0,0,,0.22179488008841872,,0.23076923630940607
