,epoch,train_err,train_acc,valid_err,valid_acc
0,0,,0.22051282869651914,,0.23076923630940607
