,epoch,train_err,train_acc,valid_err,valid_acc
0,0,,0.2282051367685199,,0.23076923650044662
