,epoch,train_err,train_acc,valid_err,valid_acc
0,0,,0.10320513187907636,,0.1025641048565889
