,epoch,train_err,train_acc,valid_err,valid_acc
0,0,inf,0.11153846494853496,1.3477169535970382e+16,0.10256410466554837
