,epoch,train_err,train_acc,valid_err,valid_acc
0,0,,0.10448718261905014,,0.10256410447450784
