,epoch,train_err,train_acc,valid_err,valid_acc
0,0,,0.11794872139580548,,0.10256410447450784
