,epoch,train_err,train_acc,valid_err,valid_acc
0,0,,0.11025641383603216,,0.10256410428346732
