,epoch,train_err,train_acc,valid_err,valid_acc
0,0,,0.1057692339643836,,0.10256410409242679
