,epoch,train_err,train_acc,valid_err,valid_acc
0,0,,0.10320513136684895,,0.10256410428346732
