,epoch,train_err,train_acc,valid_err,valid_acc
0,0,,0.1025641060899943,,0.10256410409242679
