,epoch,train_err,train_acc,valid_err,valid_acc
0,0,,0.10320513197220862,,0.10256410466554837
