,epoch,train_err,train_acc,valid_err,valid_acc
0,0,,0.11410256857052445,,0.10256410466554837
