,epoch,train_err,train_acc,valid_err,valid_acc
0,0,,0.10192307997494936,,0.10256410466554837
