,epoch,train_err,train_acc,valid_err,valid_acc
0,0,,0.10512820822186768,,0.10256410428346732
