,epoch,train_err,train_acc,valid_err,valid_acc
0,0,,0.23269231617450714,,0.2307692349721224
