,epoch,train_err,train_acc,valid_err,valid_acc
0,0,inf,0.2288461628369987,1.800533069260061e+18,0.23076923554524398
