,epoch,train_err,train_acc,valid_err,valid_acc
0,0,,0.24294872693717479,,0.23076923592732504
