,epoch,train_err,train_acc,valid_err,valid_acc
0,0,,0.2288461619988084,,0.2307692349721224
