,epoch,train_err,train_acc,valid_err,valid_acc
0,0,,0.2269230853766203,,0.23076923592732504
