,epoch,train_err,train_acc,valid_err,valid_acc
0,0,,0.23397436682134867,,0.23076923592732504
