,epoch,train_err,train_acc,valid_err,valid_acc
0,0,,0.22756411074660718,,0.2307692349721224
