,epoch,train_err,train_acc,valid_err,valid_acc
0,0,1.5086409509181977,0.3384615521878004,1.5497432824892876,0.2410256463365677
1,1,,0.31923078168183566,,0.23076923592732504
