,epoch,train_err,train_acc,valid_err,valid_acc
0,0,,0.23205128982663153,,0.23076923592732504
